<?xml version="1.0" encoding="UTF-8"?>
<!DOCTYPE suite SYSTEM "https://testng.org/testng-1.0.dtd">

<suite name="Suite" parallel="tests" thread-count="3">

  <listeners>
	<listener class-name="Testcases.Listeners"/>
  </listeners>
 
 
  <test name="TestWithChrome">
  <parameter name="browserName" value="chrome"> </parameter>
    <classes>
       <class name="Testcases.AllTestcases">
        <methods>
        
        
         <include name="InvalidEmail" />
         <include name="InvalidPassword" />
         <include name="ValidLogins" />
         <include name="AddOrganizerNoData" />
         <include name="AddOrganizer" />
         <include name="AccountSetting" />
         <include name="EventSection" />
         <include name="WhiteListSearch" />
         <include name="WhiteListUpdate" />
         <include name="Notification" />
         <include name="ForgotPassword" />
        
        
      </methods>
       </class>
    </classes>
    </test>
   
   
    <!--
  
    <test name="TestWithFirefox">
  <parameter name="browserName" value="firefox"> </parameter>
    <classes>
      <class name="Testcases.AllTestcases"/>
    </classes>
    </test>
   
    -->
    
   
</suite> <!-- Suite -->
